-- Seed script to populate sample data for testing search functionality

-- Insert sample majors
INSERT INTO majors (name) VALUES
('Computer Science'),
('Software Engineering'),
('Information Technology'),
('Data Science'),
('Cybersecurity'),
('Artificial Intelligence'),
('Electrical Engineering'),
('Mechanical Engineering'),
('Civil Engineering'),
('Chemical Engineering'),
('Business Administration'),
('Marketing'),
('Finance'),
('Accounting'),
('Economics'),
('Psychology'),
('Medicine'),
('Nursing'),
('Law'),
('Architecture'),
('Design'),
('Mathematics'),
('Physics'),
('Chemistry'),
('Biology')
ON CONFLICT (name) DO NOTHING;

-- Insert sample companies
INSERT INTO companies (name) VALUES
('Google'),
('Microsoft'),
('Apple'),
('Meta'),
('Amazon'),
('Tesla'),
('Netflix'),
('Spotify'),
('Uber'),
('Airbnb'),
('Canva'),
('Atlassian'),
('Commonwealth Bank'),
('Westpac'),
('ANZ'),
('NAB'),
('Telstra'),
('Optus'),
('Woolworths'),
('Coles'),
('BHP'),
('Rio Tinto'),
('Qantas'),
('Jetstar'),
('Deloitte'),
('PwC'),
('EY'),
('KPMG'),
('McKinsey & Company'),
('BCG')
ON CONFLICT (name) DO NOTHING;

-- Insert sample work fields
INSERT INTO fields_of_work (name) VALUES
('Software Development'),
('Web Development'),
('Mobile Development'),
('Data Engineering'),
('Machine Learning'),
('DevOps'),
('Cybersecurity'),
('Product Management'),
('Project Management'),
('UI/UX Design'),
('Digital Marketing'),
('Sales'),
('Business Development'),
('Consulting'),
('Finance'),
('Accounting'),
('Human Resources'),
('Operations'),
('Supply Chain'),
('Healthcare'),
('Education'),
('Research'),
('Engineering'),
('Architecture'),
('Legal')
ON CONFLICT (name) DO NOTHING;

-- Create sample users with auth.users entries and corresponding profiles
-- Note: In a real scenario, you'd use proper password hashing and email verification

-- First, let's create some fake users in auth.users
INSERT INTO auth.users (id, email, encrypted_password, email_confirmed_at, created_at, updated_at, raw_app_meta_data, raw_user_meta_data, is_super_admin, role)
VALUES
  ('11111111-1111-1111-1111-111111111111', 'john.smith@example.com', crypt('password123', gen_salt('bf')), now(), now(), now(), '{"provider":"email","providers":["email"]}', '{}', false, 'authenticated'),
  ('22222222-2222-2222-2222-222222222222', 'sarah.johnson@example.com', crypt('password123', gen_salt('bf')), now(), now(), now(), '{"provider":"email","providers":["email"]}', '{}', false, 'authenticated'),
  ('33333333-3333-3333-3333-333333333333', 'mike.chen@example.com', crypt('password123', gen_salt('bf')), now(), now(), now(), '{"provider":"email","providers":["email"]}', '{}', false, 'authenticated'),
  ('44444444-4444-4444-4444-444444444444', 'emily.brown@example.com', crypt('password123', gen_salt('bf')), now(), now(), now(), '{"provider":"email","providers":["email"]}', '{}', false, 'authenticated'),
  ('55555555-5555-5555-5555-555555555555', 'david.wilson@example.com', crypt('password123', gen_salt('bf')), now(), now(), now(), '{"provider":"email","providers":["email"]}', '{}', false, 'authenticated'),
  ('66666666-6666-6666-6666-666666666666', 'lisa.garcia@example.com', crypt('password123', gen_salt('bf')), now(), now(), now(), '{"provider":"email","providers":["email"]}', '{}', false, 'authenticated'),
  ('77777777-7777-7777-7777-777777777777', 'alex.kumar@example.com', crypt('password123', gen_salt('bf')), now(), now(), now(), '{"provider":"email","providers":["email"]}', '{}', false, 'authenticated'),
  ('88888888-8888-8888-8888-888888888888', 'maria.rodriguez@example.com', crypt('password123', gen_salt('bf')), now(), now(), now(), '{"provider":"email","providers":["email"]}', '{}', false, 'authenticated'),
  ('99999999-9999-9999-9999-999999999999', 'james.taylor@example.com', crypt('password123', gen_salt('bf')), now(), now(), now(), '{"provider":"email","providers":["email"]}', '{}', false, 'authenticated'),
  ('aaaaaaaa-aaaa-aaaa-aaaa-aaaaaaaaaaaa', 'jessica.lee@example.com', crypt('password123', gen_salt('bf')), now(), now(), now(), '{"provider":"email","providers":["email"]}', '{}', false, 'authenticated'),
  ('bbbbbbbb-bbbb-bbbb-bbbb-bbbbbbbbbbbb', 'ryan.anderson@example.com', crypt('password123', gen_salt('bf')), now(), now(), now(), '{"provider":"email","providers":["email"]}', '{}', false, 'authenticated'),
  ('cccccccc-cccc-cccc-cccc-cccccccccccc', 'amanda.white@example.com', crypt('password123', gen_salt('bf')), now(), now(), now(), '{"provider":"email","providers":["email"]}', '{}', false, 'authenticated'),
  ('dddddddd-dddd-dddd-dddd-dddddddddddd', 'kevin.martinez@example.com', crypt('password123', gen_salt('bf')), now(), now(), now(), '{"provider":"email","providers":["email"]}', '{}', false, 'authenticated'),
  ('eeeeeeee-eeee-eeee-eeee-eeeeeeeeeeee', 'stephanie.davis@example.com', crypt('password123', gen_salt('bf')), now(), now(), now(), '{"provider":"email","providers":["email"]}', '{}', false, 'authenticated'),
  ('ffffffff-ffff-ffff-ffff-ffffffffffff', 'daniel.thomas@example.com', crypt('password123', gen_salt('bf')), now(), now(), now(), '{"provider":"email","providers":["email"]}', '{}', false, 'authenticated')
ON CONFLICT (id) DO NOTHING;

-- Now create corresponding profiles
INSERT INTO profiles (
  id, full_name, handle, email, is_indonesian, level, year_start, year_grad,
  headline, domicile_city, domicile_country, citizenship_status, bio,
  major_id, status
) VALUES
  (
    '11111111-1111-1111-1111-111111111111',
    'John Smith',
    'johnsmith',
    'john.smith@example.com',
    true,
    'undergrad',
    2021,
    2024,
    'Software Engineer at Google • Full-stack Developer',
    'Sydney',
    'AU',
    'Citizen',
    'Passionate software engineer with 3 years of experience in building scalable web applications. Love working with React, Node.js, and cloud technologies.',
    (SELECT id FROM majors WHERE name = 'Computer Science' LIMIT 1),
    'ACTIVE'
  ),
  (
    '22222222-2222-2222-2222-222222222222',
    'Sarah Johnson',
    'sarahjohnson',
    'sarah.johnson@example.com',
    true,
    'postgrad',
    2020,
    2024,
    'Data Scientist at Microsoft • ML Engineer',
    'Melbourne',
    'AU',
    'Permanent Resident',
    'Data scientist specializing in machine learning and artificial intelligence. Currently working on cutting-edge AI projects at Microsoft.',
    (SELECT id FROM majors WHERE name = 'Data Science' LIMIT 1),
    'ACTIVE'
  ),
  (
    '33333333-3333-3333-3333-333333333333',
    'Mike Chen',
    'mikechen',
    'mike.chen@example.com',
    true,
    'undergrad',
    2022,
    2025,
    'Product Manager at Meta • UX Enthusiast',
    'Brisbane',
    'AU',
    'Citizen',
    'Product manager with a passion for creating user-centric digital experiences. Background in design and business strategy.',
    (SELECT id FROM majors WHERE name = 'Business Administration' LIMIT 1),
    'ACTIVE'
  ),
  (
    '44444444-4444-4444-4444-444444444444',
    'Emily Brown',
    'emilybrown',
    'emily.brown@example.com',
    true,
    'undergrad',
    2021,
    2024,
    'Frontend Developer at Canva • React Specialist',
    'Sydney',
    'AU',
    'Citizen',
    'Frontend developer who loves creating beautiful and functional user interfaces. Specializing in React, TypeScript, and modern CSS.',
    (SELECT id FROM majors WHERE name = 'Software Engineering' LIMIT 1),
    'ACTIVE'
  ),
  (
    '55555555-5555-5555-5555-555555555555',
    'David Wilson',
    'davidwilson',
    'david.wilson@example.com',
    true,
    'postgrad',
    2019,
    2023,
    'Security Engineer at Tesla • Cybersecurity Expert',
    'Perth',
    'AU',
    'Permanent Resident',
    'Cybersecurity professional with expertise in penetration testing, security architecture, and risk assessment. Passionate about protecting digital assets.',
    (SELECT id FROM majors WHERE name = 'Cybersecurity' LIMIT 1),
    'ACTIVE'
  ),
  (
    '66666666-6666-6666-6666-666666666666',
    'Lisa Garcia',
    'lisagarcia',
    'lisa.garcia@example.com',
    true,
    'undergrad',
    2020,
    2023,
    'Marketing Manager at Airbnb • Digital Marketing Expert',
    'Adelaide',
    'AU',
    'Citizen',
    'Digital marketing professional with experience in growth hacking, content strategy, and social media marketing. Love data-driven marketing.',
    (SELECT id FROM majors WHERE name = 'Marketing' LIMIT 1),
    'ACTIVE'
  ),
  (
    '77777777-7777-7777-7777-777777777777',
    'Alex Kumar',
    'alexkumar',
    'alex.kumar@example.com',
    true,
    'phd',
    2018,
    null,
    'AI Researcher at Netflix • Deep Learning Expert',
    'Canberra',
    'AU',
    'Permanent Resident',
    'PhD candidate researching deep learning applications in computer vision. Published multiple papers on neural network architectures.',
    (SELECT id FROM majors WHERE name = 'Artificial Intelligence' LIMIT 1),
    'ACTIVE'
  ),
  (
    '88888888-8888-8888-8888-888888888888',
    'Maria Rodriguez',
    'mariarodriguez',
    'maria.rodriguez@example.com',
    true,
    'undergrad',
    2021,
    2024,
    'UX Designer at Atlassian • Design Systems Expert',
    'Sydney',
    'AU',
    'Citizen',
    'UX designer passionate about creating accessible and intuitive user experiences. Experienced in design systems, user research, and prototyping.',
    (SELECT id FROM majors WHERE name = 'Design' LIMIT 1),
    'ACTIVE'
  ),
  (
    '99999999-9999-9999-9999-999999999999',
    'James Taylor',
    'jamestaylor',
    'james.taylor@example.com',
    true,
    'undergrad',
    2022,
    2025,
    'DevOps Engineer at Amazon • Cloud Infrastructure',
    'Melbourne',
    'AU',
    'Citizen',
    'DevOps engineer specializing in AWS cloud infrastructure, Kubernetes, and CI/CD pipelines. Love automating everything!',
    (SELECT id FROM majors WHERE name = 'Information Technology' LIMIT 1),
    'ACTIVE'
  ),
  (
    'aaaaaaaa-aaaa-aaaa-aaaa-aaaaaaaaaaaa',
    'Jessica Lee',
    'jessicalee',
    'jessica.lee@example.com',
    true,
    'postgrad',
    2020,
    2022,
    'Business Analyst at Commonwealth Bank • Fintech',
    'Sydney',
    'AU',
    'Permanent Resident',
    'Business analyst with expertise in financial technology and digital transformation. Experienced in agile methodologies and data analysis.',
    (SELECT id FROM majors WHERE name = 'Finance' LIMIT 1),
    'ACTIVE'
  ),
  (
    'bbbbbbbb-bbbb-bbbb-bbbb-bbbbbbbbbbbb',
    'Ryan Anderson',
    'ryananderson',
    'ryan.anderson@example.com',
    true,
    'undergrad',
    2021,
    2024,
    'Mobile Developer at Uber • iOS & Android',
    'Brisbane',
    'AU',
    'Citizen',
    'Mobile developer with expertise in both iOS and Android platforms. Love creating smooth, performant mobile experiences using Swift and Kotlin.',
    (SELECT id FROM majors WHERE name = 'Software Engineering' LIMIT 1),
    'ACTIVE'
  ),
  (
    'cccccccc-cccc-cccc-cccc-cccccccccccc',
    'Amanda White',
    'amandawhite',
    'amanda.white@example.com',
    true,
    'undergrad',
    2020,
    2023,
    'Consultant at Deloitte • Strategy & Operations',
    'Melbourne',
    'AU',
    'Citizen',
    'Management consultant specializing in digital transformation and process optimization. Experience across various industries.',
    (SELECT id FROM majors WHERE name = 'Business Administration' LIMIT 1),
    'ACTIVE'
  ),
  (
    'dddddddd-dddd-dddd-dddd-dddddddddddd',
    'Kevin Martinez',
    'kevinmartinez',
    'kevin.martinez@example.com',
    true,
    'undergrad',
    2022,
    2025,
    'Backend Developer at Spotify • Microservices Expert',
    'Perth',
    'AU',
    'Permanent Resident',
    'Backend developer focused on building scalable microservices and distributed systems. Experienced with Java, Python, and Kubernetes.',
    (SELECT id FROM majors WHERE name = 'Computer Science' LIMIT 1),
    'ACTIVE'
  ),
  (
    'eeeeeeee-eeee-eeee-eeee-eeeeeeeeeeee',
    'Stephanie Davis',
    'stephaniedavis',
    'stephanie.davis@example.com',
    true,
    'postgrad',
    2019,
    2021,
    'Project Manager at BHP • Mining Technology',
    'Adelaide',
    'AU',
    'Citizen',
    'Project manager with experience in mining technology and industrial automation. PMP certified with strong leadership skills.',
    (SELECT id FROM majors WHERE name = 'Mechanical Engineering' LIMIT 1),
    'ACTIVE'
  ),
  (
    'ffffffff-ffff-ffff-ffff-ffffffffffff',
    'Daniel Thomas',
    'danielthomas',
    'daniel.thomas@example.com',
    true,
    'undergrad',
    2021,
    2024,
    'Full Stack Developer at Commonwealth Bank • React & Node.js',
    'Sydney',
    'AU',
    'Permanent Resident',
    'Full-stack developer with expertise in modern web technologies. Love building end-to-end solutions using React, Node.js, and PostgreSQL.',
    (SELECT id FROM majors WHERE name = 'Software Engineering' LIMIT 1),
    'ACTIVE'
  )
ON CONFLICT (id) DO NOTHING;